treatment,run_id,target_gen,final_update
PROBLEM_for-loop-index__SEL_COHORT_LEX__CN_128__CS_4,20352,128000,121414
PROBLEM_for-loop-index__SEL_COHORT_LEX__CN_128__CS_4,20371,128000,100034
PROBLEM_for-loop-index__SEL_COHORT_LEX__CN_128__CS_4,20373,128000,103238
PROBLEM_for-loop-index__SEL_COHORT_LEX__CN_128__CS_4,20379,128000,101690
PROBLEM_for-loop-index__SEL_COHORT_LEX__CN_128__CS_4,20399,128000,92891
PROBLEM_for-loop-index__SEL_COHORT_LEX__CN_256__CS_2,20404,256000,164604
PROBLEM_for-loop-index__SEL_COHORT_LEX__CN_256__CS_2,20406,256000,141147
PROBLEM_for-loop-index__SEL_COHORT_LEX__CN_256__CS_2,20410,256000,145478
PROBLEM_for-loop-index__SEL_COHORT_LEX__CN_256__CS_2,20419,256000,139093
PROBLEM_for-loop-index__SEL_COHORT_LEX__CN_256__CS_2,20426,256000,155059
PROBLEM_for-loop-index__SEL_COHORT_LEX__CN_256__CS_2,20428,256000,153242
PROBLEM_for-loop-index__SEL_COHORT_LEX__CN_256__CS_2,20433,256000,157136
PROBLEM_for-loop-index__SEL_COHORT_LEX__CN_256__CS_2,20436,256000,109040
PROBLEM_for-loop-index__SEL_COHORT_LEX__CN_256__CS_2,20439,256000,236051
PROBLEM_for-loop-index__SEL_COHORT_LEX__CN_256__CS_2,20446,256000,136166
PROBLEM_for-loop-index__SEL_COHORT_LEX__CN_256__CS_2,20448,256000,151580
PROBLEM_for-loop-index__SEL_COHORT_LEX__CN_256__CS_2,20449,256000,139586
PROBLEM_for-loop-index__SEL_DOWN_SAMPLE_TESTS__CN_128__CS_4,22375,128000,79658
PROBLEM_for-loop-index__SEL_DOWN_SAMPLE_TESTS__CN_256__CS_2,22401,256000,160358
PROBLEM_for-loop-index__SEL_DOWN_SAMPLE_TESTS__CN_256__CS_2,22402,256000,245132
PROBLEM_for-loop-index__SEL_DOWN_SAMPLE_TESTS__CN_256__CS_2,22405,256000,248299
PROBLEM_for-loop-index__SEL_DOWN_SAMPLE_TESTS__CN_256__CS_2,22406,256000,244007
PROBLEM_for-loop-index__SEL_DOWN_SAMPLE_TESTS__CN_256__CS_2,22409,256000,227959
PROBLEM_for-loop-index__SEL_DOWN_SAMPLE_TESTS__CN_256__CS_2,22410,256000,248621
PROBLEM_for-loop-index__SEL_DOWN_SAMPLE_TESTS__CN_256__CS_2,22411,256000,244220
PROBLEM_for-loop-index__SEL_DOWN_SAMPLE_TESTS__CN_256__CS_2,22413,256000,245177
PROBLEM_for-loop-index__SEL_DOWN_SAMPLE_TESTS__CN_256__CS_2,22414,256000,190355
PROBLEM_for-loop-index__SEL_DOWN_SAMPLE_TESTS__CN_256__CS_2,22415,256000,128971
PROBLEM_for-loop-index__SEL_DOWN_SAMPLE_TESTS__CN_256__CS_2,22416,256000,182840
PROBLEM_for-loop-index__SEL_DOWN_SAMPLE_TESTS__CN_256__CS_2,22420,256000,189590
PROBLEM_for-loop-index__SEL_DOWN_SAMPLE_TESTS__CN_256__CS_2,22421,256000,169887
PROBLEM_for-loop-index__SEL_DOWN_SAMPLE_TESTS__CN_256__CS_2,22422,256000,199375
PROBLEM_for-loop-index__SEL_DOWN_SAMPLE_TESTS__CN_256__CS_2,22423,256000,252026
PROBLEM_for-loop-index__SEL_DOWN_SAMPLE_TESTS__CN_256__CS_2,22424,256000,197056
PROBLEM_for-loop-index__SEL_DOWN_SAMPLE_TESTS__CN_256__CS_2,22425,256000,161684
PROBLEM_for-loop-index__SEL_DOWN_SAMPLE_TESTS__CN_256__CS_2,22426,256000,156850
PROBLEM_for-loop-index__SEL_DOWN_SAMPLE_TESTS__CN_256__CS_2,22427,256000,230949
PROBLEM_for-loop-index__SEL_DOWN_SAMPLE_TESTS__CN_256__CS_2,22428,256000,208683
PROBLEM_for-loop-index__SEL_DOWN_SAMPLE_TESTS__CN_256__CS_2,22430,256000,193839
PROBLEM_for-loop-index__SEL_DOWN_SAMPLE_TESTS__CN_256__CS_2,22431,256000,234005
PROBLEM_for-loop-index__SEL_DOWN_SAMPLE_TESTS__CN_256__CS_2,22432,256000,186126
PROBLEM_for-loop-index__SEL_DOWN_SAMPLE_TESTS__CN_256__CS_2,22433,256000,244458
PROBLEM_for-loop-index__SEL_DOWN_SAMPLE_TESTS__CN_256__CS_2,22434,256000,147312
PROBLEM_for-loop-index__SEL_DOWN_SAMPLE_TESTS__CN_256__CS_2,22435,256000,212842
PROBLEM_for-loop-index__SEL_DOWN_SAMPLE_TESTS__CN_256__CS_2,22436,256000,245360
PROBLEM_for-loop-index__SEL_DOWN_SAMPLE_TESTS__CN_256__CS_2,22437,256000,206387
PROBLEM_for-loop-index__SEL_DOWN_SAMPLE_TESTS__CN_256__CS_2,22438,256000,166360
PROBLEM_for-loop-index__SEL_DOWN_SAMPLE_TESTS__CN_256__CS_2,22439,256000,181914
PROBLEM_for-loop-index__SEL_DOWN_SAMPLE_TESTS__CN_256__CS_2,22440,256000,178893
PROBLEM_for-loop-index__SEL_DOWN_SAMPLE_TESTS__CN_256__CS_2,22441,256000,194506
PROBLEM_for-loop-index__SEL_DOWN_SAMPLE_TESTS__CN_256__CS_2,22443,256000,222278
PROBLEM_for-loop-index__SEL_DOWN_SAMPLE_TESTS__CN_256__CS_2,22444,256000,235196
PROBLEM_for-loop-index__SEL_DOWN_SAMPLE_TESTS__CN_256__CS_2,22445,256000,206835
PROBLEM_for-loop-index__SEL_DOWN_SAMPLE_TESTS__CN_256__CS_2,22446,256000,191967
PROBLEM_for-loop-index__SEL_DOWN_SAMPLE_TESTS__CN_256__CS_2,22447,256000,165707
PROBLEM_for-loop-index__SEL_DOWN_SAMPLE_TESTS__CN_256__CS_2,22448,256000,196611
PROBLEM_for-loop-index__SEL_DOWN_SAMPLE_TESTS__CN_256__CS_2,22449,256000,249591
PROBLEM_for-loop-index__SEL_DOWN_SAMPLE_TESTS__CN_256__CS_2,22450,256000,226871
PROBLEM_for-loop-index__SEL_TRUNCATED__CN_128__CS_4,23352,1000,723
PROBLEM_for-loop-index__SEL_TRUNCATED__CN_128__CS_4,23367,1000,801
PROBLEM_for-loop-index__SEL_TRUNCATED__CN_128__CS_4,23368,1000,579
PROBLEM_for-loop-index__SEL_TRUNCATED__CN_128__CS_4,23369,1000,589
PROBLEM_for-loop-index__SEL_TRUNCATED__CN_128__CS_4,23382,1000,543
PROBLEM_for-loop-index__SEL_TRUNCATED__CN_128__CS_4,23384,1000,447
PROBLEM_for-loop-index__SEL_TRUNCATED__CN_128__CS_4,23394,1000,958
PROBLEM_for-loop-index__SEL_TRUNCATED__CN_128__CS_4,23395,1000,715
PROBLEM_for-loop-index__SEL_TRUNCATED__CN_128__CS_4,23398,1000,336
PROBLEM_for-loop-index__SEL_TRUNCATED__CN_128__CS_4,23399,1000,616
PROBLEM_for-loop-index__SEL_TRUNCATED__CN_256__CS_2,23402,1000,616
PROBLEM_for-loop-index__SEL_TRUNCATED__CN_256__CS_2,23409,1000,874
PROBLEM_for-loop-index__SEL_TRUNCATED__CN_256__CS_2,23412,1000,663
PROBLEM_for-loop-index__SEL_TRUNCATED__CN_256__CS_2,23419,1000,846
PROBLEM_for-loop-index__SEL_TRUNCATED__CN_256__CS_2,23420,1000,658
PROBLEM_for-loop-index__SEL_TRUNCATED__CN_256__CS_2,23421,1000,539
PROBLEM_for-loop-index__SEL_TRUNCATED__CN_256__CS_2,23422,1000,856
PROBLEM_for-loop-index__SEL_TRUNCATED__CN_256__CS_2,23423,1000,809
PROBLEM_for-loop-index__SEL_TRUNCATED__CN_256__CS_2,23425,1000,978
PROBLEM_for-loop-index__SEL_TRUNCATED__CN_256__CS_2,23426,1000,358
PROBLEM_for-loop-index__SEL_TRUNCATED__CN_256__CS_2,23429,1000,478
PROBLEM_for-loop-index__SEL_TRUNCATED__CN_256__CS_2,23430,1000,319
PROBLEM_for-loop-index__SEL_TRUNCATED__CN_256__CS_2,23431,1000,958
PROBLEM_for-loop-index__SEL_TRUNCATED__CN_256__CS_2,23432,1000,492
PROBLEM_for-loop-index__SEL_TRUNCATED__CN_256__CS_2,23436,1000,937
PROBLEM_for-loop-index__SEL_TRUNCATED__CN_256__CS_2,23440,1000,986
PROBLEM_for-loop-index__SEL_TRUNCATED__CN_256__CS_2,23442,1000,910
PROBLEM_for-loop-index__SEL_TRUNCATED__CN_256__CS_2,23443,1000,943
PROBLEM_for-loop-index__SEL_TRUNCATED__CN_256__CS_2,23444,1000,400
PROBLEM_for-loop-index__SEL_TRUNCATED__CN_256__CS_2,23445,1000,469
PROBLEM_for-loop-index__SEL_TRUNCATED__CN_256__CS_2,23446,1000,321
PROBLEM_for-loop-index__SEL_TRUNCATED__CN_256__CS_2,23447,1000,600
PROBLEM_for-loop-index__SEL_TRUNCATED__CN_256__CS_2,23448,1000,594
PROBLEM_for-loop-index__SEL_TRUNCATED__CN_256__CS_2,23449,1000,598
PROBLEM_for-loop-index__SEL_TRUNCATED__CN_256__CS_2,23450,1000,844
PROBLEM_for-loop-index__SEL_TRUNCATED__CN_32__CS_16,23257,1000,636
PROBLEM_for-loop-index__SEL_TRUNCATED__CN_64__CS_8,23302,1000,888
PROBLEM_for-loop-index__SEL_TRUNCATED__CN_64__CS_8,23309,1000,801
PROBLEM_for-loop-index__SEL_TRUNCATED__CN_64__CS_8,23316,1000,995
PROBLEM_for-loop-index__SEL_TRUNCATED__CN_64__CS_8,23317,1000,894
PROBLEM_for-loop-index__SEL_TRUNCATED__CN_64__CS_8,23326,1000,834
PROBLEM_for-loop-index__SEL_TRUNCATED__CN_64__CS_8,23328,1000,478
PROBLEM_for-loop-index__SEL_TRUNCATED__CN_64__CS_8,23340,1000,431
PROBLEM_for-loop-index__SEL_TRUNCATED__CN_64__CS_8,23343,1000,846
PROBLEM_for-loop-index__SEL_TRUNCATED__CN_64__CS_8,23346,1000,356
PROBLEM_for-loop-index__SEL_TRUNCATED__CN_8__CS_64,23180,1000,634
